Nombre,Categoría,Dirección,Lat,Lon,Rating,Reseñas,Horarios,Ciudad
HOTEL CENTRAL-CHAPARRAL,Agregar sitio web,"Cl. 8 #7-53, Chaparral, Tolima",3.7237128,-76.704363,4.3,163,,Chaparral
Hotel Casa Vieja,Agregar sitio web,"Carrera 3 #3 - 14, Ortega, Tolima",3.7237128,-76.704363,4.3,163,,Chaparral
HOTEL AMBEIMA CHAPARRAL,Agregar sitio web,"Cra. 8 #7-58, Chaparral, Tolima",3.7237128,-76.704363,4.3,163,,Chaparral
HOTEL LOS TORRES,Agregar sitio web,"Plaza Central Parque de Los Presidentes, Cl. 8 #9-58, Chaparral, Tolima",3.7237128,-76.704363,4.3,163,,Chaparral
Hotel Olga Luz,Agregar sitio web,"Cl. 9 # 7- 44, Chaparral, Tolima",3.7237128,-76.704363,4.3,163,,Chaparral
La CASONA TÍPICA,Restaurante,"Cra. 9, Chaparral, Tolima",3.7253666,-75.5231749,4.3,313,Abierto ⋅ Cierra a las 10 p.m.,Chaparral
ZONA T CHAPARRAL,Restaurante,"36, Chaparral, Tolima",3.7253666,-75.5231749,4.3,313,Abierto ⋅ Cierra a las 11 p.m.,Chaparral
Mi Tierrita Restaurante Parrilla Bar,Restaurante,"Cra. 8 #8-12, Chaparral, Tolima",3.7253666,-75.5231749,4.3,313,,Chaparral
La Jungla Restaurante,Bar,"PGHP+53, Chaparral, Tolima",3.7253666,-75.5231749,4.3,313,,Chaparral
ALEBRIJES RESTAURANTE MEXICANO,Restaurante,"Jose Maria Melo mz 3 casa 1, MZ 3 CASA 1 BARRIO, Chaparral, Tolima",3.7253666,-75.5231749,4.3,313,Abierto ⋅ Cierra a las 10 p.m.,Chaparral
Restaurante Arroyabe,Restaurante,"Cl. 7, Chaparral, Tolima",3.7253666,-75.5231749,4.3,313,Cierra pronto ⋅ 8:30 p.m. ⋅ Abre a las 8 a.m. del jue,Chaparral
Kitskos,Restaurante,"Chaparral, Tolima",3.7253666,-75.5231749,4.3,313,Abierto ⋅ Cierra a las 10 p.m.,Chaparral
El Puerto Mar Y Tierra By La Marisquería Cevicheria,Restaurante,"Chaparral, Tolima",3.7253666,-75.5231749,4.3,313,,Chaparral
Restaurante Royal Center,Restaurante,"Chaparral, Tolima",3.7253666,-75.5231749,4.3,313,Abierto ⋅ Cierra a las 9:30 p.m.,Chaparral
RESTAURANTE MI SUEGRITA (interior plaza de mercado),Restaurante,"Cra. 5ª #742, Chaparral, Tolima",3.7253666,-75.5231749,4.3,313,Cerrado ⋅ Abre a las 5 a.m. del jue,Chaparral
Estadero Campestre Rancho y Leña,Restaurante,"Chaparral, Tolima",3.7253666,-75.5231749,4.3,313,Abierto las 24 horas,Chaparral
Restaurante Aquí Vuelvo,Restaurante,"Chaparral, Tolima",3.7253666,-75.5231749,4.3,313,Cierra pronto ⋅ 9 p.m. ⋅ Abre a las 10 a.m. del jue,Chaparral
Pollo Broasterwill,Restaurante,"Chaparral - Rioblanco, Chaparral, Tolima",3.7253666,-75.5231749,4.3,313,Abierto ⋅ Cierra a las 9:30 p.m.,Chaparral
Hotel Y Restaurante Donde Marleny,Restaurante,"Cra. 8 #7 - 56, Ataco, Chaparral, Tolima",3.7253666,-75.5231749,4.3,313,Abierto ⋅ Cierra a las 9:30 p.m.,Chaparral
La Pampa Barbacoa,Restaurante,"Cra. 10 #1-50, Chaparral, Tolima",3.7253666,-75.5231749,4.3,313,Abierto ⋅ Cierra a las 10 p.m.,Chaparral
FONDA VILLA LORENA,Restaurante,"Las Brisas, Tv. 10ª #14-43, Chaparral, Tolima",3.7253666,-75.5231749,4.3,313,Abierto ⋅ Cierra a las 10 p.m.,Chaparral
Estadero Yennday Los Miranda,Restaurante,"Chirca, Chaparral, Tolima",3.7253666,-75.5231749,4.3,313,Cierra pronto ⋅ 9 p.m. ⋅ Abre a las 9 a.m. del jue,Chaparral
Arepa Parrilla,Restaurante de comida rápida,"Cl. 10 #3-63, Chaparral, Tolima",3.7253666,-75.5231749,4.3,313,Abierto ⋅ Cierra a las 12 a.m.,Chaparral
PAISA ARROZ,Restaurante,"Cl. 7 #6, Chaparral, Tolima",3.7253666,-75.5231749,4.3,313,,Chaparral
PARADISE VIVE LA EXPERIENCIA,Restaurante,"Cra. 9 #10-74, Chaparral, Tolima",3.7253666,-75.5231749,4.3,313,Cierra pronto ⋅ 9 p.m. ⋅ Abre a las 8 a.m. del jue,Chaparral
Estadero La Finca,Restaurante,"Chaparral, Tolima",3.737537,-75.5671511,4.3,313,Cerrado ⋅ Abre a las 8 a.m. del jue,Chaparral
LAS PICADAS DEL GORDO,Restaurante,"Cl. 7, Chaparral, Tolima",3.7221769,-75.5223327,4.3,313,Cierra pronto ⋅ 9 p.m. ⋅ Abre a las 4:30 p.m. del jue,Chaparral
Rokopan Camellon,Panadería,"Chaparral-Ortega, Chaparral, Tolima",3.7221769,-75.5223327,4.3,313,Cerrado ⋅ Abre a las 6:30 a.m. del jue,Chaparral
Restaurante Éxito Chino,Restaurante chino,"Cl. 8 #9-19, Chaparral, Tolima",3.7221769,-75.5223327,4.3,313,Cierra pronto ⋅ 9 p.m. ⋅ Abre a las 11 a.m. del jue,Chaparral
Plaza Central Parque de Los Presidentes,Parque,"Cr.8/Cll.8, Cra. 9 #Cll.9, Chaparral, Tolima",3.6387528,-75.6998193,4.5,2319,Abierto las 24 horas,Chaparral
Parque Nacional Natural Las Hermosas,Parque nacional,"Chaparral, Tolima",3.5376446,-76.2472873,4.5,2319,,Chaparral
Comfenalco,Centro acuático,"El Refugio, Chaparral, Tolima",3.7305366,-75.7620925,4.5,2319,,Chaparral
LA TIGRERA,Zona de senderismo,"Los Tunitos, El Roble, Chaparral, Tolima",3.7305366,-75.7620925,4.5,2319,,Chaparral
Polideportivo Castañal,Polideportivo,"Chaparral, Tolima",3.7305366,-75.7620925,4.5,2319,,Chaparral
PLAYGROUND Zona de juegos infantil,Parque infantil cubierto,"Frente bomba Mendoza, Cl. 10 #01-17, Zona urbana, Chaparral, Tolima",3.7305366,-75.7620925,4.5,2319,Abierto ⋅ Cierra a las 10 p.m.,Chaparral
Coliseo Chaparral,Polideportivo,"Cl. 10, Chaparral, Tolima",3.7305366,-75.7620925,4.5,2319,,Chaparral
castañal parque,Parque,"Cra 1e #6-29, Tuluni, Chaparral, Tolima",3.7305366,-75.7620925,4.5,2319,,Chaparral
finca Bella Vista,Museo de historia natural,"Vda. La Primavera, Chaparral, Tolima",3.7601348,-76.8551737,5.0,1,Abierto las 24 horas,Chaparral
Casa de la Cultura Darío Echandía Olaya,Centro cultural,"735560, Chaparral, Tolima",3.7601348,-76.8551737,5.0,1,Cerrado ⋅ Abre a las 8 a.m. del jue,Chaparral
Cuevas de Copete,Zona de senderismo,"JGGP+G9, Chaparral, Tolima",3.7601348,-76.8551737,5.0,1,,Chaparral
PALACIO DE JUSTICIA,Oficinas de empresa,"Cra. 9, Chaparral, Tolima",3.7601348,-76.8551737,5.0,1,,Chaparral
Museo del Río Magdalena,Museo,"Calle 10 No. 9-01, Honda, Tolima",5.2020959,-75.9541712,5.0,1,,Chaparral
Cementerio De Chaparral,Museo,"Camellon, Cra. 1c, Santa Marta, Chaparral, Magdalena",3.724942,-76.6941008,5.0,1,Cerrado ⋅ Abre a las 6 a.m. del jue,Chaparral
Charco El Chocho,Atracción turística,"Carrera 12, Chaparral, Tolima",3.7562766,-75.7032263,4.5,2319,,Chaparral
ASTUHERMOSAS -TURISMOS DE NATURALEZA CHAPARRAL,Atracción turística,"Corregimiento Las Hermosas, Finca La Arabia, 735569 Cód postal, Vda. Alemania, Chaparral, Tolima",3.9452857,-76.0457661,4.5,2319,Cerrado ⋅ Abre a las 9 a.m. del jue,Chaparral
Cascada Salto del Angel,Atracción turística,"Unnamed Road, Chaparral, Tolima",3.7021088,-75.7982548,4.5,2319,Cerrado ⋅ Abre a las 12 a.m. del vie,Chaparral
Mirador Loma de la Virgen,Atracción turística,"El Limón, Chaparral, Tolima",3.7021088,-75.7982548,4.5,2319,,Chaparral
Hacienda Pedregal,Atracción turística,"RFCG+P4, Chaparral, Tolima",3.7021088,-75.7982548,4.5,2319,,Chaparral
Finca Santa Inés GC,Atracción turística,"R8C6+93, Chaparral, Tolima",3.7021088,-75.7982548,4.5,2319,Abierto las 24 horas,Chaparral
Fardo Hotel Boutique | Zona G - Ibagué | | Recepción Digital 24H,,"Carrera 4i # 38a - 44 esquina, Magisterio, Ibagué, Tolima",4.4366871,-75.254359,4.3,228,,Ibagué
Hotel Imperio Ibague | Hoteles en Ibague,,"Cra 3 #18 - 47, Ibagué, Tolima",4.4366871,-75.254359,4.3,228,,Ibagué
Bunde Haus Hotel,Agregar sitio web,"730002, Cra. 5 #62-40, Ibagué, Tolima",4.4366871,-75.254359,4.3,228,,Ibagué
Hotel Gold Plaza,Agregar sitio web,"Carrera 3 #17-58, Centro, Ibagué, Tolima",4.4366871,-75.254359,4.3,228,,Ibagué
HOTEL DORAL INN,,"Cl. 16 #2-57, Ibagué, Tolima",4.4366871,-75.254359,4.3,228,,Ibagué
Sonesta Hotel Ibagué,,"Cra. 8 #57-57, Ibagué, Tolima",4.4366871,-75.254359,4.3,228,,Ibagué
ESTELAR Altamira Hotel,,"Cra. 1 #45-50, Ibagué, Tolima",4.4366871,-75.254359,4.3,228,,Ibagué
Hotel Dann Combeima,,"Cra. 2 #12 37, Ibagué, Tolima",4.4366871,-75.254359,4.3,228,,Ibagué
HOTEL Y RESTAURANTE ACACIA,Agregar sitio web,"HOTEL ACACIA, Cl. 13 #3-11, Ibagué, Tolima",4.4366871,-75.254359,4.3,228,,Ibagué
FR hotel,,"Cra. 5 #29-41, Ibagué, Tolima",4.4366871,-75.254359,4.3,228,,Ibagué
Apartamento amoblado en Ibague,Agregar sitio web,"Cra. 4A #30-40, Ibagué, Tolima",4.4366871,-75.254359,4.3,228,,Ibagué
Hotel Verano,,"Cra. 2 #25-82, Ibagué, Tolima",4.4366871,-75.254359,4.3,228,,Ibagué
AIMA - Viajes de exploración,,"Cra 3 #10 -37 Piso 3, Ibagué, Tolima",4.444699,-75.280086,4.3,228,,Ibagué
HOTEL DEPARTAMENTAL,Agregar sitio web,"BARRIO DEPARTAMENTAL, Cra. 3A #32-69, Ibagué, Tolima",4.444699,-75.280086,4.3,228,,Ibagué
WAIKI Apartaestudio Amoblados,,"Cra. 4b #64a, Ibagué, Tolima",4.4363673,-75.2374609,4.3,228,,Ibagué
La Casona de la Loma,Agregar sitio web,"casaloma de calambeo, Cra. 13E #21-87, Ibagué, Tolima",4.4526979,-75.2649832,4.3,228,,Ibagué
Hotel Internacional y Centro de Convenciones Casa Morales,,"Cra 3 #3-47, Ibagué, Tolima",4.4526979,-75.2649832,4.3,228,,Ibagué
Eco Star Hotel,,"Cl. 60 #7 - 96, Ibagué, Tolima",4.4526979,-75.2649832,4.3,228,,Ibagué
ANTONIA | Hotel Autónomo en Ibagué | Recepción Digital 24H.,,"Cl. 18 #8-64, Ibagué, Tolima",4.4526979,-75.2649832,4.3,228,,Ibagué
Hotel Center,,"Cra 4 #12-52, Ibagué, Tolima",4.4526979,-75.2649832,4.3,228,,Ibagué
Hotel Cádiz In,,"Cra. 4d #32-62, Cadiz, Ibagué, Tolima",4.4526979,-75.2649832,4.3,228,,Ibagué
Ayenda Ambeima,,"Cra 3 #13-32, Ibagué, Tolima",4.4526979,-75.2649832,4.3,228,,Ibagué
Hotel bolivariano,Agregar sitio web,"Cl. 17 #3 119, Ibagué, Tolima",4.4526979,-75.2649832,4.3,228,,Ibagué
Hotel F25,,"Cra. 5 # 41-16, Ibagué, Tolima",4.4526979,-75.2649832,4.3,228,,Ibagué
HOTEL KENISONI,Agregar sitio web,"730001 SANTANDER, Ibagué, Tolima",4.4526979,-75.2649832,4.3,228,,Ibagué
Ayenda 1132 Copiclub,,"Avenida Ambalá Cra 14 Numero 134-30, Ibagué, Tolima",4.4491291,-75.1910968,4.3,228,,Ibagué
Hotel Varón,Agregar sitio web,"Cra. 1A #222, Ibagué, Tolima",4.4361804,-75.2709244,4.3,228,,Ibagué
Flora Jaguar,Agregar sitio web,"Calambeo, Ibagué, Tolima",4.4361804,-75.2709244,4.3,228,,Ibagué
Dosis Cafe,Agregar número de teléfono del lugar,"Cra 3 #4-106, Ibagué, Tolima",4.4361804,-75.2709244,4.3,228,,Ibagué
Hotel Vizion,Agregar número de teléfono del lugar,"Cra. 2 #22-40, Ibagué, Tolima",4.4361804,-75.2709244,4.3,228,,Ibagué
La Posada del Viajero,Agregar sitio web,"Cra. 1 #17-53, Ibagué, Tolima",4.4361804,-75.2709244,4.3,228,,Ibagué
hotel cal bed & breakfast,Agregar sitio web,"manzana x, Cl 46 #5a-07 casa 3, Ibagué, Tolima",4.4361804,-75.2709244,4.3,228,,Ibagué
Star 37 Av. Hotel,,"Cra. 4d #36-47, Cádiz, Ibagué, Tolima",4.4361804,-75.2709244,4.3,228,,Ibagué
Montecarlos,Agregar sitio web,"Carrera 14 #133-19, Barrio, Ibagué, Tolima",4.4489767,-75.1920428,4.3,228,,Ibagué
La Casa De Los Sueños Colombia - Centro de Bienestar Integral y hostel temático ancestral,,"Cañón del combeima, Finca Villa Marlen Vereda Ramos y Astilleros,Sector la Cristalina, Ibagué, Tolima",4.4671673,-75.3192423,4.3,228,,Ibagué
Hotel Ibagué Plaza,,"Cra. 5 #14 - 58, Ibagué, Tolima",4.4440325,-75.2755682,4.3,228,,Ibagué
Finca Ecoparaiso Ibagué,,"Km 2.5, vía Chapetón Vereda Cay, Ibagué",4.4440325,-75.2755682,4.3,228,,Ibagué
Hotel Station 23,Agregar sitio web,"Cl. 56 #28, Ibagué, Tolima",4.4394835,-75.2434812,4.3,228,,Ibagué
Villa Ester Hostel,,"Villa Ester hostel, Vereda Cay, casa 131, Ibagué, Tolima",4.4641481,-75.2987221,4.3,228,,Ibagué
CityStar Ibagué,,"Cra. 7B #53-53, Ibagué, Tolima",4.4385199,-75.2430779,4.3,228,,Ibagué
Coliving 7 Aparta Hotel & Habitaciones,,"Ciudadela Comfenalco, Carrera 18 F Sur, ETAPA 2 #127-45 MZ 14 CASA 27, Ibagué, Tolima",4.4068939,-75.1951704,4.3,228,,Ibagué
Hotel Alferes Ibagué,Agregar sitio web,"Cra. 2 #14-28, Ibagué, Tolima",4.4415005,-75.277766,4.3,228,,Ibagué
Hotel Hábitat,,"Barrio las margaritas, Carrera 5° #87-05, Cotrautol, Ibagué, Tolima",4.4407049,-75.2221478,4.3,228,,Ibagué
Hotel Escorial Ibagué,,"C. 14 #3-19, Ibagué, Tolima",4.4427261,-75.2772331,4.3,228,,Ibagué
Hotel Danilo,,"Cra. 1 #21138, Ibagué, Tolima",4.4427261,-75.2772331,4.3,228,,Ibagué
Hotel Los Ocobos Plaza,Agregar sitio web,"Cra 4 #16-65, Ibagué, Tolima",4.4427261,-75.2772331,4.3,228,,Ibagué
Hotel Boutique 442,,"Carrera 7 #59-20, Limonar, Cra. 7 #59-20, Ibagué, Tolima",4.4379172,-75.2418469,4.3,228,,Ibagué
"Copiclub Ibague, Tolima",,"Cra. 9 #130-40, Ibagué, Tolima",4.4491795,-75.1912253,4.3,228,,Ibagué
Hotel Grand Latino,Agregar sitio web,"Cl. 17 #3-97, centro, Ibagué, Tolima",4.4415759,-75.2743661,4.3,228,,Ibagué
Hotel Cacique Ibagué,,"Cl. 15 #4 - 36, Ibagué, Tolima",4.4415759,-75.2743661,4.3,228,,Ibagué
Hotel Arboleda de Cádiz- Apartaestudios amoblados,,"Cl 33 #4D-26, Ibagué, Tolima",4.4415759,-75.2743661,4.3,228,,Ibagué
HABITACIONES Y CASAS CAMPESTRES IBAGUE,Agregar sitio web,"730001, Ibagué, Tolima",4.400406,-75.219308,4.3,228,,Ibagué
Hotel Cristal Ibague,Agregar sitio web,"Carrera 4 No 16-52 Centro, Ibagué, Tolima",4.4420906,-75.2743432,4.3,228,,Ibagué
Hotel Estacion Plaza Ibagué,,"Cl. 19 #4-09, Ibagué, Tolima",4.4420906,-75.2743432,4.3,228,,Ibagué
HOTEL CASA MOLANO,Agregar número de teléfono del lugar,"Cra. 2 #24-19, Ibagué, Tolima",4.4420906,-75.2743432,4.3,228,,Ibagué
Hotel Lusitania,Agregar sitio web,"Cra. 2 #15-55, Ibagué, Tolima",4.4420906,-75.2743432,4.3,228,,Ibagué
apartamento en ibagué la fontana,,"Cra. 7C #50 16, Ibagué, Tolima",4.4393222,-75.2451498,4.3,228,,Ibagué
Hotel Acandí,Agregar sitio web,"Carrera 3 11 60 centro, Ibagué 730001",4.443778,-75.2792129,4.3,228,,Ibagué
Origen Restaurante - Restaurante Ibagué,Restaurante,"Carrera 12 sur #83-30, Ibagué, Tolima",4.4305432,-75.2091661,4.6,381,Abierto ⋅ Cierra a las 9 p.m.,Ibagué
Empireo Gastrobar,Restaurante,"Cra. 7C #51-06, Ibagué, Tolima",4.4390951,-75.2443096,4.6,381,Abierto ⋅ Cierra a las 11 p.m.,Ibagué
La Parrilla de Marcos,Restaurante,"Calle 63 No. 5-46, Arkacentro, Ibagué, Tolima",4.4390951,-75.2443096,4.6,381,Abierto ⋅ Cierra a las 11 p.m.,Ibagué
Paz Restaurante Ibague,Restaurante,"Icono 60, Cl. 60 #10 115 Edificio, Ibagué, Tolima",4.4390951,-75.2443096,4.6,381,Abierto ⋅ Cierra a las 10 p.m.,Ibagué
Fervor Restaurante Ibague,Restaurante,"esquina, Calle 57 n 7c -51, Ibagué, Tolima",4.4390951,-75.2443096,4.6,381,Abierto ⋅ Cierra a las 10 p.m.,Ibagué
Augurio By La Comarca,Restaurante,"Cra. 5 # 41-16, Ibagué, Tolima",4.4390951,-75.2443096,4.6,381,Abierto ⋅ Cierra a las 10 p.m. Actualizado por otros usuarios hace 11 semanas,Ibagué
Salvador y Milagros,Restaurante,"Av 60 #13 a - 33, Ibagué, Tolima",4.4390951,-75.2443096,4.6,381,Abierto ⋅ Cierra a las 10 p.m.,Ibagué
TANGO PASION POR LA CARNE IBAGUE,Restaurante,"Macarena parte alta, Cra. 4d #40-73, Ibagué, Tolima",4.4390951,-75.2443096,4.6,381,Abierto ⋅ Cierra a las 10 p.m. Actualizado por otros usuarios hace 11 semanas,Ibagué
Maria Y El Mar Cocina - Peruana,Restaurante,"Cra. 4h, Ibagué, Tolima",4.4390951,-75.2443096,4.6,381,Abierto ⋅ Cierra a las 11:30 p.m. Actualizado por este negocio hace 5 semanas,Ibagué
LB La Baranda Bar - Restaurante,Bar restaurante,"CC. Combeima Local 229. Entrada Cra. 3, 2do. Piso., Centro, Ibagué, Tolima",4.4432358,-75.2783743,4.6,381,Abierto ⋅ Cierra a la 1 a.m.,Ibagué
Puerto Madero,Restaurante,"Calle 48 sur #108-32 Aparco Kilometro 5 Vía, Bogotá, Ibagué, Tolima",4.4139499,-75.2116488,4.6,381,Abierto ⋅ Cierra a las 10 p.m.,Ibagué
Restaurante provincianos Ibagué,Restaurante,"730005, Ibagué, Tolima",4.4139499,-75.2116488,4.6,381,Abierto ⋅ Cierra a las 9 p.m. Actualizado por este negocio hace 7 semanas,Ibagué
DeRegio Casual Food,Restaurante,"Cl. 60 #9-65, Ibagué, Tolima",4.4418827,-75.242929,4.6,381,Abierto ⋅ Cierra a las 10 p.m.,Ibagué
Encanto Del Mar - comida de mar gourmet,Marisquería,"Calle 62 Carrera 6 a Esquina, Prados del Norte, Ibagué, Tolima",4.4418827,-75.242929,4.6,381,Abierto ⋅ Cierra a las 8:30 p.m. Actualizado por otros usuarios hace 4 semanas,Ibagué
El Churrasco - Sede La Pola,Restaurante,"Cra 3 #7-2, Ibagué, Tolima",4.4463067,-75.282901,4.6,381,Abierto ⋅ Cierra a las 10 p.m.,Ibagué
Restaurante nativo FR,Restaurante,"entrada por FR HOTEL, Cl. 29 #5-41 Tercer piso, Ibagué, Tolima",4.4463067,-75.282901,4.6,381,,Ibagué
El Churrasco - Sede Jordán,Restaurante,"6ta Etapa del Jordan, Mazana 11 #Casa 19, Ibagué, Tolima",4.4395549,-75.2268916,4.6,381,Abierto ⋅ Cierra a las 10 p.m.,Ibagué
La Finca Paisa,Restaurante colombiano,"Cl. 17 #3-24, Ibagué, Tolima",4.44107,-75.274444,4.6,381,Cierra pronto ⋅ 8 p.m. ⋅ Abre a las 7:30 a.m. del jue,Ibagué
Restaurante Yerbabuena,Restaurante familiar,"Cra. 6 #9-81, Ibagué, Tolima",4.44107,-75.274444,4.6,381,Abierto ⋅ Cierra a las 10 p.m.,Ibagué
Restaurante PeruPisco Comida Peruana,Restaurante,"Terraza San Lorenzo, Ibagué, Tolima",4.4247808,-75.223384,4.6,381,Abierto ⋅ Cierra a las 10 p.m.,Ibagué
Felo La Serena,Restaurante,"Paralela Carrera 5 #79-2, Ibagué, Tolima",4.4247808,-75.223384,4.6,381,Abierto ⋅ Cierra a las 10 p.m.,Ibagué
Beertown Ibague,Pub restaurante,"Cl 33C #4f39, Ibagué, Tolima",4.435659,-75.2567294,4.6,381,Abierto ⋅ Cierra a las 12 a.m.,Ibagué
La Barra - Crea Tu Pizza,Restaurante italiano,"Edificio ATICA La Samaria, Cl 94D #13 a sur - 64 local 2, Ibagué, Tolima",4.4212439,-75.2137025,4.6,381,Abierto ⋅ Cierra a las 10:30 p.m.,Ibagué
La Baranda sede Acqua,Restaurante,"Centro Comercial Aqua, Calle 60. 8-37, Ibagué, Tolima",4.4406758,-75.2425146,4.6,381,Abierto ⋅ Cierra a la 1 a.m.,Ibagué
Camarón Killero - Campestre,Restaurante,"40TLC, Ibagué, Tolima",4.4103194,-75.2080352,4.6,381,Abierto ⋅ Cierra a las 10 p.m.,Ibagué
Piqueteadero Donde El Gordo Ibagué,Restaurante,"Cl. 20 #23-10, Ibagué, Tolima",4.4249618,-75.2900013,4.6,381,Abierto ⋅ Cierra a las 12 a.m.,Ibagué
La Cabaña parrilla & carbon,Restaurante,"carrera 8 numero 121-151, Ibagué, Tolima",4.4463632,-75.2013169,4.6,381,Abierto ⋅ Cierra a las 10 p.m.,Ibagué
Asadero El Fogón Paisa,Restaurante,"Cl. 69 con Av. Guavinal #12, Mz 57 Cs 10, B. El Jordan Etapa 7, Ibagué, Tolima",4.4424066,-75.2359862,4.6,381,Abierto ⋅ Cierra a las 11 p.m.,Ibagué
Parador El Portal Paisa,Restaurante de desayunos,"Ibagué, Tolima",4.4158811,-75.2999236,4.6,381,Abierto las 24 horas,Ibagué
El Atajo Ibagué,Restaurante,"Av. Guabinal #con calle 63, Ibagué, Tolima",4.4417922,-75.2413313,4.6,381,Abierto ⋅ Cierra a las 11 p.m.,Ibagué
El Churrasco - Sede El Salado,Restaurante,"Montecarlo El Salado Cra 9 No. 128A - 37, Ibagué, Tolima",4.4482801,-75.1942908,4.6,381,Abierto ⋅ Cierra a las 9 p.m. Confirmado por este negocio hace 10 semanas,Ibagué
Restaurante La Barra Marina,Restaurante caribeño,"cra 3B No. 72-52 Mz B cs 16, Akaparaiso, Ibagué, Tolima",4.4378491,-75.2257038,4.6,381,Abierto ⋅ Cierra a las 9 p.m.,Ibagué
María bonita,Restaurante,"a 20-174,, Cl 69 #202, Ibagué, Tolima",4.4378491,-75.2257038,4.6,381,Abierto ⋅ Cierra a las 10 p.m.,Ibagué
La Carnicería Parrilla Sede Ibague,Restaurante,"Cl. 53 #7b - 55, Ibagué, Tolima",4.4378491,-75.2257038,4.6,381,Abierto ⋅ Cierra a las 11 p.m.,Ibagué
OPONENTE RESTAURANTE,Restaurante,"calle 18 #8-43 Interlaken, Ibagué, Tolima",4.4453682,-75.2714526,4.6,381,Abierto ⋅ Cierra a las 10 p.m.,Ibagué
Jus'so Café,Tienda de café,"Cl. 7 #2-60, Ibagué, Tolima",4.4453682,-75.2714526,4.6,381,Abierto ⋅ Cierra a las 9:30 p.m.,Ibagué
RESTAURANTE CAMPESTRE ORGULLO COLOMBIANO,Restaurante,"Calle 20 36-55 barrio boquerón, Via Cajamarca - Ibagué, Ibagué, Tolima",4.4148488,-75.3014141,4.6,381,Abierto las 24 horas,Ibagué
Viña Del Mar,Restaurante de fish & chips,"Limonar, Cl. 60 #5-65, Ibagué, Tolima",4.4363821,-75.2413891,4.6,381,Abierto ⋅ Cierra a las 10 p.m.,Ibagué
Restaurante Pekin,Restaurante chino,"Manzana 3 casa 16 Jordan 4 estapa, Ibagué, Tolima",4.4363821,-75.2413891,4.6,381,Abierto ⋅ Cierra a las 9 p.m.,Ibagué
La Cubanita Ibagué,Reserva natural,"Macarena Parte Alta, Cl. 41 #4k-43, Ibagué, Tolima",4.4363821,-75.2413891,4.6,381,,Ibagué
Waffles Cañón Ibagué,Restaurante,"Km 2.5, via cañon del combeima, sector villa maria, Ibagué, Tolima",4.4557652,-75.3022608,4.6,381,,Ibagué
La Creperia Parrilla,Restaurante,"Cra. 5 #35, Ibagué, Tolima",4.4384121,-75.257024,4.6,381,Abierto ⋅ Cierra a las 10 p.m.,Ibagué
Costa Nova,Restaurante,"Piedra Pintada, Cl 46 #4-60, Ibagué, Tolima",4.4384121,-75.257024,4.6,381,Abierto ⋅ Cierra a las 10 p.m.,Ibagué
Restaurante Kioto,Restaurante de sushi,"Avenida ambalá, Cl 69 # 89 local 128, Ibagué, Tolima",4.4384121,-75.257024,4.6,381,Abierto ⋅ Cierra a las 12 a.m.,Ibagué
Restaurante Colombia de Mis Amores,Restaurante,"Cra. 3 No 3- 47B, La Pola, Ibagué, Tolima",4.4491068,-75.2857068,4.6,381,Abierto ⋅ Cierra a las 9 p.m.,Ibagué
Tres Coyotes Taquería,Restaurante mexicano,"Macarena alta, Cra. 4d #39 122, Ibagué, Tolima",4.435951,-75.2528585,4.6,381,Abierto ⋅ Cierra a las 11 p.m.,Ibagué
Restaurante El Legado Ibagué,Restaurante,"al aeropuerto de, Carrera 12 sur # 93 - 21 Plazoleta de comidas de la clínica Medicadiz de, La Samaria, Ibagué, Tolima",4.4252847,-75.2145695,4.6,381,Cerrado ⋅ Abre a las 7 a.m. del jue,Ibagué
Restaurante Puerto Mojarra,Restaurante,"Vía Aeropuerto Perales, Ibagué, Tolima",4.4252847,-75.2145695,4.6,381,,Ibagué
Casa Corona Ibagué,Chiringuito,"Avenida Mirolindo Zona Industrial Via Picaleña #Km. 2, Ibagué, Tolima",4.4252847,-75.2145695,4.6,381,Abierto ⋅ Cierra a las 12 a.m.,Ibagué
La Ricotta Trattoria,Restaurante,"CALLE 69 No 10A-282 ESTUDIO AVENIDA 69 LOCAL 1, Ibagué, Tolima",4.4252847,-75.2145695,4.6,381,,Ibagué
La Casa de los Deditos Ibague,Restaurante,"CALLE 69 No 10A-282 ESTUDIO AVENIDA 69 LOCAL 1, Ibagué, Tolima",4.4252847,-75.2145695,4.6,381,,Ibagué
AMADOR BISTRO GARDEN,Restaurante,"Cl. 38 #7-61, Barrios Alfonso lopez, Ibagué, Tolima",4.4403725,-75.2534758,4.6,381,Abierto ⋅ Cierra a las 10 p.m.,Ibagué
ASIAN ROCK IBAGUE,Restaurante,"Cl. 38 #7-61, Barrios Alfonso lopez, Ibagué, Tolima",4.4403725,-75.2534758,4.6,381,Abierto ⋅ Cierra a las 10 p.m.,Ibagué
Amigos del Alma Burger Express,Restaurante de postres,"Cl 46 #3-55, Ibagué, Tolima",4.4403725,-75.2534758,4.6,381,Abierto ⋅ Cierra a las 10 p.m.,Ibagué
Sr. Law,Restaurante chino,"Macarena parte alta, Cl. 42 #4c-39, Ibagué, Tolima",4.4403725,-75.2534758,4.6,381,Abierto ⋅ Cierra a las 9 p.m.,Ibagué
El Tablazo,Restaurante,"Cl. 10a #3-09, Ibagué, Tolima",4.444635,-75.2799819,4.6,381,Abierto ⋅ Cierra a las 10 p.m.,Ibagué
Valiente,Pizzería,"Cl. 73 #1, Ibagué, Tolima",4.4507206,-75.2321296,4.6,381,Abierto ⋅ Cierra a las 11 p.m.,Ibagué
Restaurante Porto Colombia,Restaurante,"Carrera 6A No. 61-22, Prado Alto, Ibagué, Tolima",4.4507206,-75.2321296,4.6,381,Abierto ⋅ Cierra a las 9 p.m.,Ibagué
Madero Steakhouse,Restaurante especializado en filetes,"Cra. 2 #7-27, Ibagué, Tolima",4.4454511,-75.2831659,4.6,381,Abierto ⋅ Cierra a las 10 p.m.,Ibagué
Restaurante Sazon Art,Restaurante,"Ibagué, Tolima",4.4454511,-75.2831659,4.6,381,Abierto ⋅ Cierra a las 9 p.m.,Ibagué
Anonymo SteakHouse,Restaurante,"CRF7+WP, Ibagué, Tolima",4.4243544,-75.2232543,4.6,381,Abierto ⋅ Cierra a las 10 p.m.,Ibagué
La Corte Suprema Restaurante Café Bar,Restaurante,"Cra 3 #880, Ibagué, Tolima",4.4453393,-75.2814729,4.6,381,Abierto ⋅ Cierra a las 9 p.m.,Ibagué
Restaurante Italiano La Massara,Restaurante italiano,"Cl. 62 #6b-40 local 2, Ibagué, Tolima",4.4382556,-75.2402163,4.6,381,Abierto ⋅ Cierra a las 10 p.m.,Ibagué
Encanto Del Mar,Restaurante,"Cl. 8 #1-81, Ibagué, Tolima",4.4447982,-75.2828714,4.6,381,,Ibagué
Restaurante La Capilla,Restaurante,"Variante Ibagué - Armenia #kilometro 1, Ibagué, Tolima",4.4155515,-75.2260105,4.6,381,,Ibagué
Restaurante Tonnarello Ibagué,Restaurante italiano,"Cra. 1 #45-50, Ibagué, Tolima",4.4155515,-75.2260105,4.6,381,Abierto ⋅ Cierra a las 11 p.m.,Ibagué
Chacón Patacón,Restaurante,"Av. Ambala #69-80, Ibagué, Tolima",4.4471856,-75.2359894,4.6,381,Abierto ⋅ Cierra a las 10 p.m.,Ibagué
Cortés Restaurante/bar,Bar restaurante,"Cra. 4i #40 - 33, Ibagué, Tolima",4.4471856,-75.2359894,4.6,381,,Ibagué
Asadero Coma Carne No Coma Cuento,Restaurante,"Cra. 12 No. 28-21, Fenalco, Ibagué, Tolima",4.4437454,-75.2619054,4.6,381,Cierra pronto ⋅ 8 p.m. ⋅ Abre a las 11 a.m. del jue Actualizado por este negocio hace 4 semanas,Ibagué
Poteiros Ibagué,Restaurante,"Cra. 12 No. 28-21, Fenalco, Ibagué, Tolima",4.4437454,-75.2619054,4.6,381,Cierra pronto ⋅ 8 p.m. ⋅ Abre a las 11 a.m. del jue Actualizado por este negocio hace 4 semanas,Ibagué
La Causa Marisqueria,Restaurante peruano,"Condominio La Riviera, Cl 69 # 11a -173, Ibagué, Tolima",4.4437454,-75.2619054,4.6,381,Abierto ⋅ Cierra a las 10 p.m.,Ibagué
Restaurante La perla,Restaurante,"Ibagué, Tolima",4.4188689,-75.2206743,4.6,381,,Ibagué
JOSEMIRO Bulevar Gastronómico,Restaurante,"Ibagué, Tolima",4.4188689,-75.2206743,4.6,381,,Ibagué
El Local Gastro Hamburguesas,Hamburguesería,"Detrás del Ara de Piedrapintada, Piedrapintada parte alta Calle 46, Piedrapintada alta #4-04, Ibagué, Tolima",4.433956,-75.2461538,4.6,381,,Ibagué
Sakana Sushi Fusion,Hamburguesería,"Detrás del Ara de Piedrapintada, Piedrapintada parte alta Calle 46, Piedrapintada alta #4-04, Ibagué, Tolima",4.433956,-75.2461538,4.6,381,,Ibagué
Delivery24 Ibagué,Hamburguesería,"Tienda D1 calle 42, Cra. 4c #No 41, Ibagué, Tolima",4.433956,-75.2461538,4.6,381,Abierto ⋅ Cierra a las 10 p.m.,Ibagué
Restaurante Bien Chino,Hamburguesería,"Tienda D1 calle 42, Cra. 4c #No 41, Ibagué, Tolima",4.433956,-75.2461538,4.6,381,Abierto ⋅ Cierra a las 10 p.m.,Ibagué
Alitón Ibagué Sede Piedra Pintada,Restaurante,"Cra. 5 #44a-2 a 44a-42, Cra. 5 #44-14, Ibagué, Tolima",4.433956,-75.2461538,4.6,381,Abierto ⋅ Cierra a las 11 p.m.,Ibagué
El Ilustre Bistro,Restaurante,"a 11-142, Cra. 5 #11-2, Ibagué, Tolima",4.4454877,-75.2787608,4.6,381,Abierto ⋅ Cierra a las 12 a.m.,Ibagué
Restaurante La Estación,Restaurante colombiano,"Bosques de Alameda Manzana C casa 56Carrera 1 70-43, Ibagué, Tolima",4.4350247,-75.2270662,4.6,381,Abierto ⋅ Cierra a las 9 p.m.,Ibagué
Ponylandia ibagué,Restaurante,"Cra. 22 Sur #114-64, APARCO, Ibagué, Tolima",4.4350247,-75.2270662,4.6,381,Cerrado ⋅ Abre a las 10 a.m. del jue,Ibagué
Me sabe a Perú,Restaurante,"730001, Ibagué, Tolima",4.4506575,-75.2823492,4.6,381,Abierto ⋅ Cierra a las 8:30 a.m. del jue Actualizado por este negocio hace 6 semanas,Ibagué
El Corral Multicentro Ibagué,Hamburguesería,"Calle 42, Ibagué, Tolima",4.4363829,-75.2401462,4.6,381,Abierto ⋅ Cierra a las 9 p.m. Actualizado por este negocio hace 3 semanas,Ibagué
"Restaurante Boqueron, Ibagué, Tolima",Restaurante,"Cra. 1 #2a-2, Ibagué, Tolima",4.4476829,-75.2881184,4.6,381,Abierto las 24 horas,Ibagué
Tutto Gelato,Restaurante italiano,"Hotel Eco Star, Cll 60 #7-96 local 2, Ibagué, Tolima",4.4388131,-75.2416153,4.6,381,Abierto ⋅ Cierra a las 10 p.m.,Ibagué
La Casa Del Chicharrón Ibague,Restaurante,"ESQUINA, Calle 29 #7-64 barrio Belalcázar, Ibagué, Tolima",4.4388131,-75.2416153,4.6,381,Abierto ⋅ Cierra a las 11 p.m.,Ibagué
Restaurante Ibagué Endorfina,Restaurante,"Cr3 #12-36 local C.C. Pasaje Real, Ibagué, Tolima",4.4433867,-75.2787034,4.6,381,Cierra pronto ⋅ 7:30 p.m. ⋅ Abre a las 7:30 a.m. del jue,Ibagué
Barak asadero parrilla,Restaurante,"Ibagué, Tolima",4.3983929,-75.1807263,4.6,381,Abierto ⋅ Cierra a las 9 p.m.,Ibagué
Plaza Express - La Pola,Restaurante,"Cra 3 #calle 6 esquina barrio, Ibagué, Tolima",4.447056,-75.2838013,4.6,381,Abierto ⋅ Cierra a las 9 p.m.,Ibagué
Aku Sushi Restaurante,Restaurante japonés,"Mz 22 Cs 16, Av. Jordan #2° Etapa, Ibagué, Tolima",4.4355155,-75.2350247,4.6,381,Abierto ⋅ Cierra a las 10 p.m.,Ibagué
La Arrocería Colombiana El Jordán,Restaurante,"Carrera 9 #77-02, Ibagué, Tolima",4.4355155,-75.2350247,4.6,381,Abierto ⋅ Cierra a las 8:30 p.m.,Ibagué
Nuevo Éxito Chino Restaurante,Restaurante chino,"Carrera 5 328-71, Hipodromo, Ibagué, Tolima",4.4401431,-75.2616905,4.6,381,Abierto ⋅ Cierra a las 9:30 p.m.,Ibagué
Restaurante Bordo By Pipilongo,Restaurante chino,"Carrera 5 328-71, Hipodromo, Ibagué, Tolima",4.4401431,-75.2616905,4.6,381,Abierto ⋅ Cierra a las 9:30 p.m.,Ibagué
Restaurante Y Asadero El Madrigal,Restaurante,"Cra. 14a #142-2 a 142-102, Ibagué, Tolima",4.4495422,-75.1848051,4.6,381,Abierto ⋅ Cierra a las 11 p.m.,Ibagué
Misión Cocina Peruana Japonesa,Restaurante,"Cra. 14a #142-2 a 142-102, Ibagué, Tolima",4.4495422,-75.1848051,4.6,381,Abierto ⋅ Cierra a las 11 p.m.,Ibagué
Maria T Restaurante,Restaurante colombiano,"Manzana A casa 30, Entre Rios, Ibagué, Tolima",4.4451641,-75.2292365,4.6,381,Abierto ⋅ Cierra a las 10 p.m.,Ibagué
Restaurante la nueva Fortuna china,Restaurante colombiano,"Manzana A casa 30, Entre Rios, Ibagué, Tolima",4.4451641,-75.2292365,4.6,381,Abierto ⋅ Cierra a las 10 p.m.,Ibagué
Restaurante la chiki Pollo Asado Y Broaster carne llanera,Restaurante,"Cl. 144 #9, Ibagué, Tolima",4.4502537,-75.1835414,4.6,381,Abierto ⋅ Cierra a las 9 p.m.,Ibagué
Qué Empanada! Salón de Onces y Restaurante,Restaurante,"Calle 15 #2-24, Centro, Ibagué, Tolima",4.4412877,-75.2769715,4.6,381,Abierto ⋅ Cierra a las 9 p.m.,Ibagué
Birra24 comida rápida 24 horas- domicilios 24 horas,Restaurante de comida rápida,"Cra. 8B #42-24, Ibagué, Tolima",4.4407487,-75.2477741,4.6,381,Abierto las 24 horas,Ibagué
Chicken Fly,Hamburguesería,"a, Cl. 64 #4b-2 4b-50, Ibagué, Tolima",4.4407487,-75.2477741,4.6,381,Abierto ⋅ Cierra a las 11 p.m.,Ibagué
Liebre y zorro restaurante,Hamburguesería,"C, Ibagué, Tolima",4.4407487,-75.2477741,4.6,381,Abierto ⋅ Cierra a las 10 p.m.,Ibagué
Restaurante la Comarca,Restaurante,"Carrera 48 Sur No. 114-139 Km, Cra. 5, Bogotá, Ibagué, Tolima",4.4093222,-75.2061995,4.6,381,Cerrado ⋅ Abre a las 11 a.m. del jue,Ibagué
Don Arrocero,Restaurante,"mini Centro Comercial Los Arroyuelos, Cra. 20 #90-04 Local 2, Ibagué, Tolima",4.4462512,-75.2204454,4.6,381,Abierto ⋅ Cierra a las 8:45 p.m.,Ibagué
Restaurante D' Pepe Sazon,Restaurante,"#8b-2 a, Cl. 77 #8b-24, Ibagué, Tolima",4.4462512,-75.2204454,4.6,381,Abierto ⋅ Cierra a las 10 p.m.,Ibagué
Asadero y Restaurante Ricuras del Ricaurte No. 2,Restaurante colombiano,"Calle 20 #11a-102, Ricaurte, Ibagué, Tolima",4.4310329,-75.2831187,4.6,381,Abierto ⋅ Cierra a las 10 p.m.,Ibagué
Asadero Andaluz,Restaurante especializado en pollo,"Ibagué, Tolima",4.4310329,-75.2831187,4.6,381,Abierto ⋅ Cierra a las 8:30 p.m.,Ibagué
Restaurante Don Andolfo Ibague,Restaurante colombiano,"Calle 20 Sur #29-56/80, B/Miramar, Ibagué, Tolima",4.4310329,-75.2831187,4.6,381,Cerrado ⋅ Abre a las 10:29 a.m. del jue,Ibagué
Maki Bar Ibagué,Restaurante,"Cra. 1 #45-50, Ibagué, Tolima",4.4284116,-75.2469284,4.6,381,Abierto ⋅ Cierra a las 11 p.m.,Ibagué
Portal Gourmet Restaurante,Restaurante,"Rincon de Piedra Pintada, Cl. 52 #7c-16, Ibagué, Tolima",4.4284116,-75.2469284,4.6,381,Abierto ⋅ Cierra a las 9:30 p.m.,Ibagué
Camaron Salsero Ibague,Restaurante,"Cra. 8 #123 06 B, Ibagué, Tolima",4.4462925,-75.1976497,4.6,381,Abierto ⋅ Cierra a las 10 p.m.,Ibagué
MACHsBBQ,Restaurante,"Cra. 8 #123 06 B, Ibagué, Tolima",4.4462925,-75.1976497,4.6,381,Abierto ⋅ Cierra a las 10 p.m.,Ibagué
El Establo Paisa,Restaurante,"Av. Ferrocarril #40 - 104, Ibagué, Tolima",4.4342443,-75.2524824,4.6,381,Abierto ⋅ Cierra a las 11 p.m.,Ibagué
CHEF EN IBAGUE,Restaurante,"Av. Ferrocarril #40 - 104, Ibagué, Tolima",4.4342443,-75.2524824,4.6,381,Abierto ⋅ Cierra a las 11 p.m.,Ibagué
Mr Potato head ibague,Restaurante,"Av. Guabinal #6 #64-38, Ibagué, Tolima",4.4342443,-75.2524824,4.6,381,Abierto ⋅ Cierra a las 10:59 p.m.,Ibagué
Parque Centenario,Parque local,"Ibagué, Tolima",4.4472152,-75.3186285,4.4,4294,Abierto las 24 horas,Ibagué
Parque Simon Bolívar,Parque local,"Cl. 10 #21, Ibagué, Tolima",4.4472152,-75.3186285,4.4,4294,Abierto las 24 horas,Ibagué
Parque Principal El Salado,Parque,"a 144-51, Cra. 13 #144-1, Ibagué, Tolima",4.4493572,-75.2212393,4.4,4294,Abierto las 24 horas,Ibagué
Parque de Belén,Parque,"Ibagué, Tolima",4.4510157,-75.3202056,4.4,4294,Abierto las 24 horas,Ibagué
Parque Manuel Murillo Toro,Parque,"a 3a-73,, Cl. 11 #3a1, Ibagué, Tolima",4.4510157,-75.3202056,4.4,4294,Abierto las 24 horas,Ibagué
Parque de la Música,Parque local,"Cra. 1A Sur #89, Ibagué, Tolima",4.4510157,-75.3202056,4.4,4294,Abierto las 24 horas,Ibagué
Parque Andrés López de Galarza,Parque,"Cl. 19 #1a-23, Ibagué, Tolima",4.4510157,-75.3202056,4.4,4294,Abierto las 24 horas,Ibagué
Parque de los Osos,Parque,"Ibagué, Tolima",4.4510157,-75.3202056,4.4,4294,Abierto las 24 horas,Ibagué
Parque Barrio Los Angeles,Parque,"Cl. 61c #27-20, Ibagué, Tolima",4.4510157,-75.3202056,4.4,4294,Abierto las 24 horas,Ibagué
"Parque Parrales, Ibague, Tolima",Parque,"Cl. 64 #72 a 7-170, Ibagué, Tolima",4.4510157,-75.3202056,4.4,4294,Abierto las 24 horas,Ibagué
Parque Libertador,Parque,"73001, Ibagué, Tolima",4.4510157,-75.3202056,4.4,4294,Abierto ⋅ Cierra a las 10 p.m.,Ibagué
Parque BioSaludable Dos de Junio,Parque,"Barrio Dos de Junio, Cra 3A, Ibagué, Tolima",4.4400094,-75.2494524,4.4,4294,,Ibagué
Parque de Comfenalco,Parque,"Ibagué, Tolima",4.4400094,-75.2494524,4.4,4294,Abierto ⋅ Cierra a las 9 p.m.,Ibagué
Parque Sacudete - Viveros,Parque,"Cra. 13 A #3340, Ibagué, Tolima",4.4400094,-75.2494524,4.4,4294,Abierto las 24 horas,Ibagué
Parque principal del Ricaurte,Parque,"Barrio Ricaurte, Cra 9 Sur &, Cl. 21, Ibagué, Tolima",4.4305462,-75.3181783,4.4,4294,Abierto las 24 horas,Ibagué
Parque de La Pola,Parque,"Ibagué, Tolima",4.4305462,-75.3181783,4.4,4294,Abierto las 24 horas,Ibagué
Orquídeas del Tolima,Reserva natural,"Cra. 30 Sur #13 - 35, Ibagué, Tolima",4.4305462,-75.3181783,4.4,4294,Cerrado ⋅ Abre a las 8 a.m. del jue,Ibagué
Parque Deportivo,Polideportivo,"Ibagué, Tolima",4.42698,-75.2594177,4.4,4294,Abierto ⋅ Cierra a las 10 p.m.,Ibagué
Parque de Cutucumay,Parque,"Cl. 77 #459, Ibagué, Tolima",4.42698,-75.2594177,4.4,4294,Abierto las 24 horas,Ibagué
Parque Temático Tacuraí,Atracción turística,"Cheinbe, Ibagué, Tolima",4.4783088,-75.2887836,4.4,4294,Cerrado ⋅ Abre a las 7 a.m. del sáb,Ibagué
Parque BioSaludable Metaima,Parque,"Cra. 4d #48-133, Ibagué, Tolima",4.4783088,-75.2887836,4.4,4294,Abierto las 24 horas,Ibagué
"Parque los Ajedrecistas ""Omar Hernández""",Parque,"Ibagué, Tolima",4.4783088,-75.2887836,4.4,4294,Abierto las 24 horas,Ibagué
Parque del Mohán,Parque,"a 28-79, Cra. 1 #281, Ibagué, Tolima",4.4783088,-75.2887836,4.4,4294,Abierto las 24 horas,Ibagué
Parque El Pijao,Parque,"Ibagué, Tolima",4.4783088,-75.2887836,4.4,4294,Abierto las 24 horas,Ibagué
Parque de los abuelos,Parque,"Ibagué, Tolima",4.4783088,-75.2887836,4.4,4294,Abierto ⋅ Cierra a las 10 p.m.,Ibagué
Parque de los Perros,Parque,"Rincon de Piedra Pintada, Ibagué, Tolima",4.4783088,-75.2887836,4.4,4294,Abierto las 24 horas,Ibagué
Parque Los Venados,Parque estatal,"Cra. 8 #143-167, Ibagué, Tolima",4.4457291,-75.2198482,4.4,4294,Abierto las 24 horas,Ibagué
Parque La Colina del Norte,Parque,"a 14-36, Cl. 99 #14-2, Ibagué, Tolima",4.4457291,-75.2198482,4.4,4294,Abierto las 24 horas,Ibagué
Parque Biosaludable El Topacio,Parque,"El Topacio, Cl. 108 #3-28, Ibagué, Tolima",4.4457291,-75.2198482,4.4,4294,Abierto las 24 horas,Ibagué
Parque Caracoli,Parque,"a 4-23 Calle 24 #41, Ibagué, Tolima",4.4269734,-75.3094145,4.4,4294,Abierto las 24 horas,Ibagué
Parque BioSaludable Mandarinos,Parque,"Ibagué, Tolima",4.4269734,-75.3094145,4.4,4294,Abierto las 24 horas,Ibagué
Parque Atolsure,Parque,"CRA 4 &, Cl. 91, Ibagué, Tolima",4.4269734,-75.3094145,4.4,4294,Abierto las 24 horas,Ibagué
Parque BioSaludable Brisas de Vasconia,Parque,"Cl. 113, Vasconia, Cra 4 C Sur #111, Ibagué, Tolima",4.4384276,-75.2406263,4.4,4294,Abierto las 24 horas,Ibagué
Parque BioSaludable Barrio Manuel Murillo Toro,Parque,"Cl. 23 #6 Sur, Cra. 2a #6 Sur-38, Ibagué, Tolima",4.4299014,-75.3150951,4.4,4294,Abierto las 24 horas,Ibagué
Parque Ambeima,Jardín,"Ibagué, Tolima",4.4299014,-75.3150951,4.4,4294,Abierto las 24 horas,Ibagué
Parque BioSaludable Rincón del Pedregal,Parque estatal,"Rincón del Pedregal, CRA 11 a &, Cl 86, Ibagué, Tolima",4.4444666,-75.2610795,4.4,4294,Abierto las 24 horas,Ibagué
Parque Ambalema jordan I Etapa,Parque,"a 65a-51,, Cra. 4A #651, Ibagué, Tolima",4.4444666,-75.2610795,4.4,4294,Abierto las 24 horas,Ibagué
Parque BioSaludable Rincón de las Américas,Parque,"Ibagué, Tolima",4.4444666,-75.2610795,4.4,4294,,Ibagué
Parque Biosaludable,Parque estatal,"Ibagué, Tolima",4.4444666,-75.2610795,4.4,4294,,Ibagué
Aventura Terra.,Parque,"Cl 19 # 15 - 10. Terraza Calambeo Barrio Calambeo, Ibagué, Tolima",4.4444666,-75.2610795,4.4,4294,Cierra pronto ⋅ 8 p.m. ⋅ Abre a las 4 p.m. del jue,Ibagué
Parque Infantil Barrio Arkaniza 1,Parque,"# a 1b-28,, Cl. 77 #12, Ibagué, Tolima",4.4444666,-75.2610795,4.4,4294,Abierto las 24 horas,Ibagué
Parque Calatayud La Campiña,Parque,"a 79-225,, Cra 10 #7933, Ibagué, Tolima",4.4444666,-75.2610795,4.4,4294,Abierto las 24 horas,Ibagué
"Plaza de Bolívar Ibagué, Tolima",Parque local,"Cra. 2 #9-10, Ibagué, Tolima",4.4446183,-75.3191797,4.4,4294,Cerrado ⋅ Abre a las 9:30 a.m. del jue,Ibagué
Parque BioSaludable Ibagué 2000,Parque estatal,"Ibagué, Tolima",4.4446183,-75.3191797,4.4,4294,Abierto las 24 horas,Ibagué
Parque Del Asprovi,Parque,"Cl. 12 #10 Sur-2 a 10 Sur-52, Ibagué, Tolima",4.4446183,-75.3191797,4.4,4294,Abierto las 24 horas,Ibagué
Parque Barrio Departamental,Parque,"a 34b-110, Cra 3 #34b-2, Ibagué, Tolima",4.4446183,-75.3191797,4.4,4294,Abierto las 24 horas,Ibagué
Parque Barrio Boyaca,Parque,"Cl. 38 A #75 4b, Ibagué, Tolima",4.4446183,-75.3191797,4.4,4294,,Ibagué
Parque San Cayetano,Parque,"CRA 4A &, Cl. 34a, Ibagué, Tolima",4.4446183,-75.3191797,4.4,4294,,Ibagué
Parque Las Margaritas,Parque local,"Ibagué, Tolima",4.4415882,-75.2609058,4.4,4294,Abierto las 24 horas,Ibagué
Parque Ciudad Arkalá II,Parque,"a 12-93, Cl. 97 A #12-1, Ibagué, Tolima",4.4415882,-75.2609058,4.4,4294,Abierto las 24 horas,Ibagué
Parque Chucuni,Parque ecológico,"Unnamed Road, Ibagué, Tolima",4.4640968,-75.1346445,4.4,4294,Abierto las 24 horas,Ibagué
Parque Macarena Alta,Parque ecológico,"Unnamed Road, Ibagué, Tolima",4.4640968,-75.1346445,4.4,4294,Abierto las 24 horas,Ibagué
Parque La Arboleda,Parque,"Cra. 50A Sur, Cauchitos, Ibagué, Tolima",4.3989158,-75.2255818,4.4,4294,,Ibagué
Parque Santander,Parque estatal,"Cl. 68 #321, Ibagué, Tolima",4.3989158,-75.2255818,4.4,4294,Abierto las 24 horas,Ibagué
Parque Deportivo Barrio Ricaurte,Parque,"Cra. 11 #20c, Cra. 1 #20c-51, Ibagué, Tolima",4.4310068,-75.3204921,4.4,4294,,Ibagué
Parque James Rodríguez - Topacio,Parque estatal,"a 109a-46, Cra. 2b #109a-2, Ibagué, Tolima",4.4402771,-75.2436637,4.4,4294,Abierto las 24 horas,Ibagué
Parque para perros,Parque,"Ibagué, Tolima",4.4402771,-75.2436637,4.4,4294,Abierto las 24 horas,Ibagué
Jardín Botánico San Jorge,Jardín botánico,"Jardin botanico San jorge, Via Las Nieves, Ibagué, Tolima",4.449829,-75.2993518,4.4,4294,,Ibagué
Megaparque la 60,Parque,"Ibagué, Tolima",4.449829,-75.2993518,4.4,4294,,Ibagué
Parque Lineal la Samaria,Parque,"Ibagué, Tolima",4.449829,-75.2993518,4.4,4294,Abierto las 24 horas,Ibagué
Parque BioSaludable Rosa Badillo,Parque,"Calle 24 A, Cra 6 Sur #sur, Ibagué, Tolima",4.449829,-75.2993518,4.4,4294,Abierto las 24 horas,Ibagué
MEGA PARQUE ARBOLEDA CAMPESTRE,Parque,"Cra. 21 Sur, Ibagué, Tolima",4.3873234,-75.2135549,4.4,4294,,Ibagué
Parque BioSaludable Las Ferias,Parque estatal,"Cl. 25 #2Sur-2, Ibagué, Tolima",4.432132,-75.3083963,4.4,4294,Abierto las 24 horas,Ibagué
Parque America,Parque,"Barrio América, CRA 2 &, Cl. 31, Ibagué, Tolima",4.432132,-75.3083963,4.4,4294,,Ibagué
Parque Barrio Villa Marina,Parque,"a 119a-34, Cra. 45 Sur #119a-2, Ibagué, Tolima",4.4078178,-75.2396902,4.4,4294,Abierto las 24 horas,Ibagué
Parque BioSaludable el Limon,Parque estatal,"Urbanización El Limón, Tolima",4.4078178,-75.2396902,4.4,4294,Abierto las 24 horas,Ibagué
Parque La Pradera,Parque,"Ibagué, Tolima",4.4272887,-75.3115419,4.4,4294,Abierto las 24 horas,Ibagué
Parque Homecenter,Parque,"homecenter, Ibagué, Tolima",4.4272887,-75.3115419,4.4,4294,Abierto las 24 horas,Ibagué
Parque del Agua,Parque,"# a 4-27, Cl. 2 #41, Ibagué, Tolima",4.4272887,-75.3115419,4.4,4294,Abierto las 24 horas,Ibagué
Parque Biosaludable Chico,Parque local,"Ibagué, Tolima",4.4523646,-75.2116618,4.4,4294,,Ibagué
Parque Biosaludable Jordan 7 etapa,Parque local,"Ibagué, Tolima",4.4523646,-75.2116618,4.4,4294,,Ibagué
Parque tierra firme,Parque,"Cl. 115, Ibagué, Tolima",4.4523646,-75.2116618,4.4,4294,,Ibagué
Parque 7a Etapa Barrio Jordán,Parque,"9- a 79, Cra. 1, Ibagué, Tolima",4.442589,-75.2684081,4.4,4294,Abierto las 24 horas,Ibagué
Parque Boyaca,Parque,"Cra. 5 #19-11, Ibagué, Tolima",4.442589,-75.2684081,4.4,4294,,Ibagué
Parque valparaiso iI,Parque,"Cl. 80 #3a-76 #3a-2 a, Ibagué, Tolima",4.442589,-75.2684081,4.4,4294,Abierto las 24 horas,Ibagué
entreAguas Reserva Natural,Reserva natural,"Vereda San Simón parte baja Coello, Cocora, Ibagué, Tolima",4.408194,-75.367767,4.4,4294,Cerrado ⋅ Abre a las 9 a.m. del jue,Ibagué
Parque Protecho El Salado,Parque,"Salado - La Mina, Ibagué, Tolima",4.4538795,-75.2076053,4.4,4294,Abierto las 24 horas,Ibagué
Parque Jordán Octava Etapa Iglesia,Parque,"Cra. 8 #71c-47, Ibagué, Tolima",4.4407885,-75.2708373,4.4,4294,Cerrado ⋅ Abre a las 8 p.m.,Ibagué
Parque Barrio Galarza,Parque local,"Ibagué, Tolima",4.4407885,-75.2708373,4.4,4294,Abierto las 24 horas,Ibagué
Parque Jordán Etapa 1,Parque,"Cra. 2 ##622, Ibagué, Tolima",4.4407885,-75.2708373,4.4,4294,,Ibagué
Parque Hacienda Piedra Pintada,Parque,"Ibagué, Tolima",4.4407885,-75.2708373,4.4,4294,,Ibagué
Parque Albania 2,Parque,"Ibagué, Tolima",4.4314053,-75.3226583,4.4,4294,Abierto las 24 horas,Ibagué
Parque BioSaludable Ciudadela Simón Bolívar,Parque,"Cra. 2 Sur #114, Ibagué, Tolima",4.4336399,-75.2607499,4.4,4294,Abierto las 24 horas,Ibagué
Skate Park Ibague,Skate park,"Cra. 7 #11-103, Ibagué, Tolima",4.4465573,-75.3156108,4.4,4294,Abierto las 24 horas,Ibagué
Parque BioSaludable Jordan 6 etapa,Parque estatal,"Ibagué, Tolima",4.4465573,-75.3156108,4.4,4294,Abierto las 24 horas,Ibagué
Parque Cardenal,Jardín,"CRCH+J8, Ibagué, Tolima",4.4220084,-75.2484959,4.4,4294,Abierto las 24 horas,Ibagué
Parque Versalles Ibague,Parque,"a 44-279,, Cra. 2A #443, Ibagué, Tolima",4.4220084,-75.2484959,4.4,4294,Abierto ⋅ Cierra a las 9 p.m.,Ibagué
Parque Jardín Santander,Parque,"Cra. 2c #96-45, Ibagué, Tolima",4.4220084,-75.2484959,4.4,4294,,Ibagué
Parque infantil del vergel,Parque,"Unnamed Road, Ibagué, Tolima",4.4220084,-75.2484959,4.4,4294,Abierto las 24 horas,Ibagué
Parque Infantil Ricaurte,Parque,"a 24-97,, Cra. 10 Sur #241, Ibagué, Tolima",4.4272465,-75.3166317,4.4,4294,Abierto las 24 horas,Ibagué
Parque BioSaludable Cadiz,Parque estatal,"Cra. 4f #32-139 a 32-1, Ibagué, Tolima",4.4272465,-75.3166317,4.4,4294,,Ibagué
Parque BioSaludable La Estación,Parque,"Cl. 23 #2a-29 a 2a-1, Ibagué, Tolima",4.4272465,-75.3166317,4.4,4294,Abierto las 24 horas,Ibagué
Parque de Hacienda Villa Luz,Parque,"Cra. 1 Sur #76a1, Ibagué, Tolima",4.4272465,-75.3166317,4.4,4294,,Ibagué
Parque Publico Infantil Urbanización Praderas del Norte,Parque local,"Ibagué, Tolima",4.4513929,-75.2388895,4.4,4294,Abierto las 24 horas,Ibagué
Parque Lídice Limonar Quinto Sector,Parque,"Villa Marlen 2, Cra. 6A #47-43, Ibagué, Tolima",4.4513929,-75.2388895,4.4,4294,,Ibagué
Parque BioSaludable Portal de la Virgen,Parque,"Unnamed Road, Ibagué, Tolima",4.4513929,-75.2388895,4.4,4294,,Ibagué
Parque Deportivo Ibagué,Parque,"Ibagué, Tolima",4.4513929,-75.2388895,4.4,4294,Cerrado ⋅ Abre a las 8 a.m. del jue,Ibagué
Parque infantil del dos de junio,Parque nacional,"# a 98-154, Cra. 4 #9810, Ibagué, Tolima",4.4513929,-75.2388895,4.4,4294,Abierto las 24 horas,Ibagué
Parque Mirador Terrazas Del Tejar,Parque,"Terrazas del tejar, Ibagué, Tolima",4.4245498,-75.3162441,4.4,4294,Cerrado ⋅ Abre a las 8 a.m. del jue,Ibagué
Parque Kalatayud,Parque,"Cra 9A #7175, Ibagué, Tolima",4.4245498,-75.3162441,4.4,4294,Abierto las 24 horas,Ibagué
Parque Eden del Jordan,Parque local,"Ibagué, Tolima",4.4245498,-75.3162441,4.4,4294,Abierto las 24 horas,Ibagué
Parque BioSaludable San Luizu,Parque estatal,"Ibagué, Tolima",4.4447921,-75.2455521,4.4,4294,,Ibagué
Parque Piedemonte,Parque,"FR44+X4, Mariposario, Ibagué, Tolima",4.4447921,-75.2455521,4.4,4294,,Ibagué
Parque Del Bunde.,Parque,"#3a- a 3a-83, Cl. 95a #3a1, Cl. 96 #3c-09, Bunde, Ibagué, Tolima",4.4447921,-75.2455521,4.4,4294,Abierto las 24 horas,Ibagué
Parque Tunjos 1,Parque estatal,"Ibagué, Tolima",4.4447921,-75.2455521,4.4,4294,,Ibagué
Parque La Gaitana Jordan III Etapa,Parque,"Cra. 4A #72-1, Ibagué, Tolima",4.4447921,-75.2455521,4.4,4294,,Ibagué
Parque La Primavera,Parque local,"Cra. 13 A #75-34, Ibagué, Tolima",4.4447921,-75.2455521,4.4,4294,Abierto las 24 horas,Ibagué
Parque BioSaludable Mitológico Galán,Parque,"Cra. 7 Sur #17b-1 a, Ibagué, Tolima",4.4341216,-75.3172553,4.4,4294,Abierto las 24 horas,Ibagué
Parque Juan Bautista,Parque,"a 68b-57, Cra. 2 #68b-1, Ibagué, Tolima",4.4341216,-75.3172553,4.4,4294,,Ibagué
Parque Santa Helena,Parque,"Ibagué, Tolima",4.4341216,-75.3172553,4.4,4294,Abierto las 24 horas,Ibagué
Parque BioSaludable Pacande,Parque estatal,"Unnamed Road, Ibagué, Tolima",4.4495541,-75.2432428,4.4,4294,,Ibagué
Parque BioSaludable Santander Estadio,Parque estatal,"Ibagué, Tolima",4.4312418,-75.2951465,4.4,4294,,Ibagué
Parque BioSaludable Villa Clara,Parque local,"Cra. 14a #152-4, Ibagué, Tolima",4.4509276,-75.2168425,4.4,4294,,Ibagué
Parque BioSaludable Nuevo Armero,Parque estatal,"Ibagué, Tolima",4.4509276,-75.2168425,4.4,4294,Abierto las 24 horas,Ibagué
Museo de Arte del Tolima,Museo de arte,"Cra. 7 #5-93, Ibagué, Tolima",4.4501079,-75.2813825,4.5,1207,Cerrado ⋅ Abre a las 10 a.m. del jue,Ibagué
Museo Panóptico de Ibagué,Museo,"Cl. 11 #9-73a, Ibagué, Tolima",4.4501079,-75.2813825,4.5,1207,Cerrado ⋅ Abre a las 10 a.m. del jue,Ibagué
Mundo Sonoro,Museo,"Cra. 11 #77a-2 a 77a-126, Ibagué, Tolima",4.4431217,-75.2286359,4.5,1207,Cerrado ⋅ Abre a las 9 a.m. del jue,Ibagué
Museo Antropologico Universidad del Tolima,Museo de historia local,"Ibagué, Tolima",4.4431217,-75.2286359,4.5,1207,Cerrado ⋅ Abre a las 8 a.m. del jue,Ibagué
Casa Artesanal Galeria Luz,Museo de artesanía,"Calle 13-10-33, Ancon, Ibagué, Tolima",4.4488444,-75.2753946,4.5,1207,Abierto ⋅ Cierra a las 9 p.m.,Ibagué
ventas del arte alexis,Museo de arte moderno,"Cra. 13 A #3 60, Ibagué, Tolima",4.4460741,-75.2253608,4.5,1207,,Ibagué
Museo Rozo Centro Cultural,Museo,"Cl. 17 #19-04, Ibagué, Tolima",4.4565238,-75.2725486,4.5,1207,,Ibagué
Cañón de Combeima,Atracción turística,"km 10 Villa del Navado, Ibagué, Tolima",4.5557957,-75.630749,4.7,602,Abierto las 24 horas,Ibagué
Santafé de los Guaduales,Atracción turística,"Ibagué, Tolima",4.5557957,-75.630749,4.7,602,Cerrado ⋅ Abre a las 8 a.m. del jue,Ibagué
Cascadas de Chicalá (Payandé),Parque ecológico,"San Luis, San Luís, Tolima",4.2784712,-75.4224925,4.7,602,Cerrado ⋅ Abre a las 8 a.m. del jue,Ibagué
Mirador Cañón del Combeima,Museo,"Ibagué, Tolima",4.5556149,-75.6307002,4.7,602,Abierto las 24 horas,Ibagué
Cascada La Plata,Parque,"Ibagué, Tolima",4.5556149,-75.6307002,4.7,602,,Ibagué
VILLA CLAUDIA IBAGUE,Atracción turística,"Ibagué, Tolima",4.5556149,-75.6307002,4.7,602,Abierto las 24 horas,Ibagué
Casa de la Moneda,Museo,"Ibagué, Tolima",4.5556149,-75.6307002,4.7,602,Cerrado ⋅ Abre a las 8 a.m. del jue,Ibagué
Jardín Botánico Alejandro von Humboldt,Jardín botánico,"Ibagué, Tolima",4.5556149,-75.6307002,4.7,602,Cerrado ⋅ Abre a las 8 a.m. del jue,Ibagué
Truchas,Atracción turística,"Ibagué, Tolima",4.5556149,-75.6307002,4.7,602,Cerrado ⋅ Abre a las 6 a.m. del jue,Ibagué
Ibagué Tolima,Atracción turística,"La Vega Libertador, Casa #3, Ibagué, Tolima",4.5556149,-75.6307002,4.7,602,,Ibagué
El Rincón del Danubio,Atracción turística,"9R9X+PR, Ibagué, Tolima",4.5556149,-75.6307002,4.7,602,Abierto las 24 horas,Ibagué
Catedral Inmaculada Concepción de ibague,Iglesia,"Ibagué, Tolima",4.5556149,-75.6307002,4.7,602,,Ibagué
Parque Ecoturistico Y Extremo YAGUARE,Parque ecológico,"Vía al Nevado del Tolima, Ibagué, Tolima",4.5556149,-75.6307002,4.7,602,Cerrado ⋅ Abre a las 11 a.m. del sáb,Ibagué
Centro Recreacional Comfenalco,Centro de recreo,"Carrera 5 calle 37 corner Ed.Comfenalco, Ibagué, Tolima",4.5556149,-75.6307002,4.7,602,Cerrado ⋅ Abre a las 7:30 a.m. del jue,Ibagué
Parque Temático el Angel Caido,Parque nacional,"Vda. Pastales, Ibagué, Tolima",4.5556149,-75.6307002,4.7,602,Abierto las 24 horas,Ibagué
Camino Cascada la plata,Atracción turística,"Vía al Nevado del Tolima, Ibagué, Tolima",4.5556149,-75.6307002,4.7,602,,Ibagué
Mirador Fiques,Jardín botánico,"Ibagué, Tolima",4.5556149,-75.6307002,4.7,602,,Ibagué
Nevado Del Tolima,Parque nacional,"Vía al Nevado del Tolima, Ibagué, Tolima",4.5556149,-75.6307002,4.7,602,Abierto las 24 horas,Ibagué
Qawana Reserva Natural,Estancia en granjas,"Martinica parte baja, Ibagué, Tolima",4.5556149,-75.6307002,4.7,602,,Ibagué
Comfatolima Lagos Club,Centro de recreo,"Carrera 14 #1531 a 153-263, Ibagué, Tolima",4.5556149,-75.6307002,4.7,602,Cerrado ⋅ Abre a las 9:30 a.m. del jue,Ibagué
Mirador tesorito,Atracción turística,"Ibagué, Tolima",4.5556149,-75.6307002,4.7,602,Abierto ⋅ Cierra a las 10:30 p.m.,Ibagué
"Monumento ""Ibagué""",Atracción turística,"Cra 4 #11-2, Ibagué, Tolima",4.5556149,-75.6307002,4.7,602,Abierto las 24 horas,Ibagué
Balneario ambala,Atracción turística,"FQ7W+H7, Ibagué, Tolima",4.5556149,-75.6307002,4.7,602,Abierto las 24 horas,Ibagué
La Granjita Reserva Natural,Atracción turística,"calle 31 sur, variante #N 7-90, Ibagué, Tolima",4.5556149,-75.6307002,4.7,602,,Ibagué
Atracción cultural Río Magdalena,Atracción turística,"Ibagué, Tolima",4.3197661,-75.3811676,4.7,602,,Ibagué
Finca ecoturística La Primavera Ibague,Zona de senderismo,"FVQP+QV, Ibagué, Tolima",4.3197661,-75.3811676,4.7,602,Cerrado ⋅ Abre a las 7:12 a.m. del jue,Ibagué
Mirador de Calambeo,Atracción turística,"Unnamed Road, Ibagué, Tolima",4.3197661,-75.3811676,4.7,602,,Ibagué
CAIKE,Atracción turística,"VIA, Gualanday, Tolima",4.3197661,-75.3811676,4.7,602,,Ibagué
Reserva Natural GAIA,Reserva natural,"Ibagué, Tolima",4.3197661,-75.3811676,4.7,602,,Ibagué
Iloveibague,Atracción turística,"Ibagué, Tolima",4.3197661,-75.3811676,4.7,602,Abierto las 24 horas,Ibagué
Mirador de la montaña,Atracción turística,"Tamarindo Salado, Ibagué, Tolima",4.3197661,-75.3811676,4.7,602,Abierto ⋅ Cierra a las 11 p.m.,Ibagué
FINCA MATEGUADUA,Atracción turística,"FVVV+9G, Ibagué, Tolima",4.3197661,-75.3811676,4.7,602,,Ibagué
El Silencio,Zona de senderismo,"Ibagué, Tolima",4.59878,-75.6345456,4.7,602,Abierto las 24 horas,Ibagué
Cascada ancon tesorito,Atracción turística,"FQMG+C3, Ibagué, Tolima",4.59878,-75.6345456,4.7,602,,Ibagué
Finca Agroturistica Dulima,Atracción turística,"730019 Vereda Llanitos, Cañón del Combeima, Vía al Nevado del Tolima, Ibagué, Tolima",4.59878,-75.6345456,4.7,602,Cerrado ⋅ Abre a las 9 a.m. del jue,Ibagué
Monumento a la Bambuquera,Mirador,"Av. Guabinal #79-147, Ibagué, Tolima",4.59878,-75.6345456,4.7,602,Abierto las 24 horas,Ibagué
Tirolesa Parque Caiké,Atracción turística,"8W9F+6Q, Ibagué, Tolima",4.3180965,-75.3804802,4.7,602,Cerrado ⋅ Abre a las 9:30 a.m. del jue,Ibagué
Playa Hawai,,"Kilómetro 22 Bogotá, Vía a, Ibagué, Tolima",4.3180965,-75.3804802,4.7,602,,Ibagué
Finca agroturistica Bellavista,Atracción turística,"Ibagué, Tolima",4.5287781,-75.6056879,4.7,602,,Ibagué
Parque San Bernardo,Parque,"San Bernardo, Ibagué, Tolima",4.4964294,-75.3800475,4.7,602,Abierto las 24 horas,Ibagué
FINCA LA RIVERA,,"Vía al Nevado del Tolima #Km 21, Ibagué, Cañón del Combeima, Ibagué, Tolima",4.5770486,-75.6357025,4.7,602,,Ibagué
Transmisiones Ecos de Combeima,,"Vía al Nevado del Tolima #Km 21, Ibagué, Cañón del Combeima, Ibagué, Tolima",4.5770486,-75.6357025,4.7,602,,Ibagué
"Laguna El Encanto, Nevado del Tolima",Parque nacional,"Anzoategui, Anzoátegui, Tolima",4.5770486,-75.6357025,4.7,602,Abierto las 24 horas,Ibagué
Finca La Palma,Atracción turística,"Ibagué, Tolima",4.5770486,-75.6357025,4.7,602,,Ibagué
Finca Ecoturistica San Javier,Reserva natural,"Via Vda. Chucuni, Ibagué, Tolima",4.4622726,-75.356467,4.7,602,Cerrado ⋅ Abre a las 10 a.m. del jue,Ibagué
Mirador la gloria,Atracción turística,"Vía a, San Juan de La China, Ibagué, Tolima",4.4622726,-75.356467,4.7,602,Abierto las 24 horas,Ibagué
Finca Nanyanua,,"Pastales, Ibagué, Tolima",4.5043989,-75.613047,4.7,602,,Ibagué
Reserva Romerales Refugio el Japón,Atracción turística,"JJWH+8Q, Bomerales, Ibagué, Tolima",4.5043989,-75.613047,4.7,602,,Ibagué
PARQUE ECOTURISTICO LA PLATA,Parque ecológico,"vereda la plata el brillante, corregimiento pastales, Ibagué, Tolima",4.5043989,-75.613047,4.7,602,Cerrado ⋅ Abre a las 9 a.m. del jue,Ibagué
Lago polferbiyon,Atracción turística,"CVXQ+85, Ibagué, Tolima",4.5043989,-75.613047,4.7,602,,Ibagué
Los termales el Machín,Atracción turística,"FJF6+VJ, Ibagué, Tolima",4.5043989,-75.613047,4.7,602,,Ibagué
Villa Restrepo,Atracción turística,"Vía al Nevado del Tolima, Villarestrepo, Villa Restrepo, Ibagué, Tolima",4.5043989,-75.613047,4.7,602,,Ibagué
Finca el Triunfo,Atracción turística,"GW7G+QC, Ibagué, Tolima",4.5145,-75.3788207,4.7,602,,Ibagué
Finca La Palestina,Atracción turística,"GW57+Q5, Ibagué, Tolima",4.5145,-75.3788207,4.7,602,,Ibagué
Mural Aves del Tolima,Atracción turística,"Tv. 3ª, Ibagué, Tolima",4.5145,-75.3788207,4.7,602,,Ibagué
Grand Prix VR,Atracción turística,"Ibagué, Tolima",4.5215377,-75.6154143,4.7,602,Cerrado ⋅ Abre a las 5 a.m. del vie,Ibagué
Balneario el tesoro,Atracción turística,"La Martinica, Ibagué, Tolima",4.5215377,-75.6154143,4.7,602,,Ibagué
La Leona (parte alta) - Alto de Toche,Atracción turística,"Ibagué, Tolima",4.5215377,-75.6154143,4.7,602,,Ibagué
Río San Bernardo balnearios,Atracción turística,"FWXC+HG, Ibagué, Tolima",4.4989184,-75.3835957,4.7,602,,Ibagué
Foto Juntas,Atracción turística,"Ibagué, Tolima",4.5554915,-75.6301831,4.7,602,,Ibagué
ibague,Atracción turística,"Villa del Navado, km 10, Ibagué, Tolima",4.5554915,-75.6301831,4.7,602,,Ibagué
Finca La Comarca de Sagar,Atracción turística,"7XQ8+H8, Ibagué, Tolima",4.2888881,-75.3389993,4.7,602,,Ibagué
Cascadas del Secreto,Atracción turística,"7XQ8+H8, Ibagué, Tolima",4.2888881,-75.3389993,4.7,602,,Ibagué
Estadero doña Barbara,Atracción turística,"Ibagué, Tolima",4.5007454,-75.6007892,4.7,602,,Ibagué
Mirador Sueño Azul ️,Atracción turística,"Ibagué, Tolima",4.5007454,-75.6007892,4.7,602,,Ibagué
CENTRO ASOCIATIVO Y SOLIDARIO DEL TOLIMA,Atracción turística,"Cl. 20 #5a-2 a 5a-8, Ibagué, Tolima",4.5007454,-75.6007892,4.7,602,,Ibagué
Cascada Quebrada Los Alpes,Atracción turística,"HMJP+XQ, Ibagué, Tolima",4.5007454,-75.6007892,4.7,602,,Ibagué
Letrero Ibague,Atracción turística,"Cl. 20 #1-164 1-94 a, Ibagué, Tolima",4.5007454,-75.6007892,4.7,602,Abierto las 24 horas,Ibagué
Centro Cultural Coral Ciudad Musical,Atracción turística,"Cl. 10 #6-14, Ibagué, Tolima",4.5007454,-75.6007892,4.7,602,,Ibagué
Río cristal Cemex,Atracción turística,"San Luis-Guamo, Ibagué, Tolima",4.5007454,-75.6007892,4.7,602,Abierto las 24 horas,Ibagué
Ruta norte al parque de los nevados,Atracción turística,"JM3X+F2, Ibagué, Tolima",4.5007454,-75.6007892,4.7,602,,Ibagué
Casa al revés Tolima,Atracción turística,"Llanitos, Ibagué, Tolima",4.5007454,-75.6007892,4.7,602,Abierto ⋅ Cierra a las 10 p.m. Actualizado por otros usuarios hace 3 semanas,Ibagué
Villa Onzaga,Atracción turística,"Unnamed Road, Ibagué, Tolima",4.5007454,-75.6007892,4.7,602,,Ibagué
Finca recreacional Don Pedroza,Atracción turística,"FVFP+FX, Ibagué, Tolima",4.5007454,-75.6007892,4.7,602,,Ibagué
Toche,Parque,"Toche, Ibagué, Tolima",4.5007454,-75.6007892,4.7,602,,Ibagué
La Nube Eterna - Mirador,Atracción turística,"730007, Ibagué, Tolima",4.5007454,-75.6007892,4.7,602,Cerrado ⋅ Abre a las 9 a.m. del jue Confirmado mediante una llamada telefónica hace 7 días,Ibagué
Mirador El Gallinero 🐓 (By miss xime Ibg),Atracción turística,"Ibague San Bernardo, Ibagué, Tolima",4.5007454,-75.6007892,4.7,602,Abierto las 24 horas,Ibagué
san jorge ibague,Atracción turística,"Ibagué, Tolima",4.5007454,-75.6007892,4.7,602,,Ibagué
Alto del Boquerón Ibague,Atracción turística,"CP5C+V6, Ibagué, Tolima",4.5007454,-75.6007892,4.7,602,,Ibagué
Finca peñaliza,Atracción turística,"FPW8+58, Ibagué, Tolima",4.5007454,-75.6007892,4.7,602,Abierto las 24 horas,Ibagué
Club campestre los palmares,Atracción turística,"Cra. 12 #173, Ibagué, Calubaima, Ibagué, Tolima",4.5007454,-75.6007892,4.7,602,,Ibagué
Casa al revés,Atracción turística,"CR99+QP, Ibagué, Tolima",4.5007454,-75.6007892,4.7,602,,Ibagué
Parque Temático Meraki,Agencia de visitas turísticas,"Vda. Bellavista, Ibagué, Tolima",4.5007454,-75.6007892,4.7,602,Cerrado ⋅ Abre a las 10 a.m. del jue,Ibagué
Iguaima espinal tolima,Atracción turística,"Iguaima, Ibagué, Tolima",4.5007454,-75.6007892,4.7,602,,Ibagué
finca veraguas 2 y vellevista,Atracción turística,"Ibagué, Tolima",4.5007454,-75.6007892,4.7,602,,Ibagué
La Vega de july,Atracción turística,"CJ9G+W3, Ibagué, Tolima",4.5007454,-75.6007892,4.7,602,,Ibagué
Finca Las Palmas,Atracción turística,"8QFV+GW, Ibagué, Los Cauchos, Ibagué, Tolima",4.5007454,-75.6007892,4.7,602,,Ibagué
Verdad llanitos,Atracción turística,"Vía al Nevado del Tolima, Llanitos, Ibagué, Tolima",4.5007454,-75.6007892,4.7,602,,Ibagué
Pastales tolima,Atracción turística,"Vía al Nevado del Tolima, Ibagué, Tolima",4.5007454,-75.6007892,4.7,602,,Ibagué
La Mambuquera,Atracción turística,"Vía al Nevado del Tolima, Ibagué, Tolima",4.5007454,-75.6007892,4.7,602,,Ibagué
ibagué letras,Atracción turística,"Cra 3 #9, Ibagué, Tolima",4.5007454,-75.6007892,4.7,602,Abierto las 24 horas,Ibagué
Monte de paramillo,Atracción turística,"Cra 3 #9, Ibagué, Tolima",4.5007454,-75.6007892,4.7,602,Abierto las 24 horas,Ibagué
Parque ecoturistico el gran pijao,Parque temático,"Vereda la troja, Rovira, Tolima",4.2581294,-75.5712803,4.7,602,,Ibagué
Finca Las Nubes,Parque temático,"Vereda la troja, Rovira, Tolima",4.2581294,-75.5712803,4.7,602,,Ibagué
CUATRIMOTOS IBAGUE (CUATRI TOURS),Centro de deportes de aventura,"730017, Ibagué, Tolima",4.2581294,-75.5712803,4.7,602,Cerrado ⋅ Abre a las 8 a.m. del jue,Ibagué
Tienda Mirador Donde Huevo,Centro de deportes de aventura,"730017, Ibagué, Tolima",4.2581294,-75.5712803,4.7,602,Cerrado ⋅ Abre a las 8 a.m. del jue,Ibagué
Hotel Villa de las Palmas,,"Carrera 4 #7-121, Purificación, Tolima",3.8556212,-76.1490893,4.3,155,,turismo_murillo_maps
"Hotel | Posada Del Turista | Murillo, Tolima",Agregar sitio web,"Cl. 4 #48 # 8, Murillo, Tolima",4.8746606,-76.3916822,4.3,155,,turismo_murillo_maps
Hostal Pachanuna,,"Cl. 6 #5-126, Murillo, Tolima",4.8746606,-76.3916822,4.3,155,,turismo_murillo_maps
MS Casa Paraíso Murillo,Agregar sitio web,"Cl. 3 # 3-04, Murillo, Tolima",4.8746606,-76.3916822,4.3,155,,turismo_murillo_maps
Hostal Juan Páramo,Agregar sitio web,"Cl. 3 #9-85, Murillo, Tolima",4.8746606,-76.3916822,4.3,155,,turismo_murillo_maps
Montaña de Fuego,Restaurante argentino,"Kra 10 #4-35, Murillo, Tolima",4.8740555,-75.7834504,,0,Cerrado ⋅ Abre a las 10 a.m. del jue,turismo_murillo_maps
El Tablazo Restaurante,Restaurante,"Cra. 8 #3 - 27, Murillo, Tolima",4.8740555,-75.7834504,,0,,turismo_murillo_maps
Merendero del Cumanday,Restaurante,"Murillo, Tolima",4.8740555,-75.7834504,4.9,136,Abierto ⋅ Cierra a las 10:30 p.m.,turismo_murillo_maps
Casa Fuego - Espacio gastronómico y creativo,Restaurante,"Cl. 3 # 6 - 19, Murillo, Tolima",4.8740555,-75.7834504,4.9,136,,turismo_murillo_maps
EL PAISITA🥘🍗🍳,Restaurante,"Cl. 3 #8-98, Murillo, Tolima",4.8740555,-75.7834504,4.9,136,Cierra pronto ⋅ 8:15 p.m. ⋅ Abre a las 6:45 a.m. del jue,turismo_murillo_maps
Parque Principal de Murillo - Tolima,Parque,"Murillo, Tolima",4.8744803,-75.7808814,4.6,98,Abierto las 24 horas,turismo_murillo_maps
Parque Manuel Murillo Toro,Parque,"a 3a-73,, Cl. 11 #3a1, Ibagué, Tolima",4.8744803,-75.7808814,4.6,98,Abierto las 24 horas,turismo_murillo_maps
Murillo Viajero,Parque,"Murillo, Tolima",4.8744803,-75.7808814,4.6,98,,turismo_murillo_maps
Parque Nacional Natural Los Nevados,Parque nacional,"Carretera Manizales - Bogotá Km. 45, Murillo, Tolima",4.8744803,-75.7808814,4.6,98,Cerrado ⋅ Abre a las 8 a.m. del jue,turismo_murillo_maps
Termales de Murillo,Atracción turística,"Cl. 3 #5-54, Murillo, Tolima",4.8744803,-75.7808814,4.6,98,Cerrado ⋅ Abre a las 7 a.m. del jue,turismo_murillo_maps
Parque infantil murillo,Parque,"PARQUE PRINCIPAL, Cl. 4 #7-62, Murillo, Tolima",4.8744803,-75.7808814,4.6,98,Cerrado ⋅ Abre a las 9 a.m. del jue,turismo_murillo_maps
Cascada El Silencio,Atracción turística,"Cra. 5 #6-272, Murillo, Tolima",4.8744803,-75.7808814,4.6,98,,turismo_murillo_maps
Parque Principal,Parque,"Purificación, Tolima",3.8593367,-75.536923,4.6,98,,turismo_murillo_maps
Termales de la Cabaña,Estancia en granjas,"Vda. La Cabaña, Murillo, Tolima",4.8923578,-75.8715838,4.6,98,,turismo_murillo_maps
Malecón Turístico Purificación,Museo,"Purificación, Tolima",3.8525345,-76.1498153,4.7,534,Abierto las 24 horas,turismo_murillo_maps
Museo Arqueológico y Paleontológico de Prado,Museo arqueológico,"Carrera 3 con calle 8 Barrio, El Diviso, Prado, Tolima",3.8525345,-76.1498153,4.7,534,Cerrado ⋅ Abre a las 8:30 a.m. del jue,turismo_murillo_maps
Museo de Arte del Tolima,Museo de arte,"Cra. 7 #5-93, Ibagué, Tolima",3.8525345,-76.1498153,4.7,534,Cerrado ⋅ Abre a las 10 a.m. del jue,turismo_murillo_maps
Museo del Río Magdalena,Museo,"Calle 10 No. 9-01, Honda, Tolima",5.2020959,-75.9541712,4.7,534,,turismo_murillo_maps
Murillo,Atracción turística,"Mariquita, Tolima",5.2020959,-75.9541712,4.7,534,,turismo_murillo_maps
Arenales Mi Rancho,Museo,"Cunday, Tolima",3.9011219,-76.0294612,4.7,534,,turismo_murillo_maps
Café Salinas,Cafetería,"Murillo, Tolima",4.8735313,-76.3911202,4.7,534,,turismo_murillo_maps
Cascada arcoiris,Atracción turística,"VPFM+XQ, Murillo, Tolima",4.874997,-76.4850254,4.7,534,,turismo_murillo_maps
Murillo Tolima,Atracción turística,"San Luís, Tolima",4.874997,-76.4850254,4.7,534,,turismo_murillo_maps
Termales El Sifón,Atracción turística,"Murillo, Casabianca, Tolima",4.874997,-76.4850254,4.7,534,,turismo_murillo_maps
Mirador,Atracción turística,"Vía al Nevado, Murillo, Tolima",4.874997,-76.4850254,4.7,534,,turismo_murillo_maps
Letras de Murillo,Atracción turística,"Vía al Nevado #7-27, Murillo, Tolima",4.874997,-76.4850254,4.7,534,,turismo_murillo_maps
Mirador de La Laguna Escondida,Mirador,"Cl. 2 #11-47, Murillo, Tolima",4.874997,-76.4850254,4.7,534,,turismo_murillo_maps
Planta de Tiramiento de Agua Potable Murillo,Atracción turística,"Acueducto, Murillo, Prado, Tolima",3.80419,-76.1622924,4.7,534,,turismo_murillo_maps
Laguna del Escondite,Reserva natural,"Murillo, Tolima",4.8687501,-76.3922689,4.7,534,,turismo_murillo_maps
Corregimiento del bosque,Atracción turística,"Murillo, Prado, Tolima",3.80419,-76.1622924,4.7,534,,turismo_murillo_maps
Hotel y Hostal Mi Reino represa Prado Tolima,Agregar sitio web,"Represa De Prado Km 6 dentro de la represa de hidroprado, Visitanos www.hotelmireino.com Reservaciones desde $80.000 pesos, Prado, Tolima",3.7495637,-75.0211118,3.8,94,,Prado
Represa prado,Agregar número de teléfono del lugar,"Represa De Prado, Prado, Tolima",3.7495637,-75.0211118,3.8,94,Cierra pronto ⋅ 9 p.m. ⋅ Abre a las 7 a.m. del jue,Prado
Hotel Villa de las Palmas,,"Carrera 4 #7-121, Purificación, Tolima",3.8556212,-75.0820422,3.8,94,,Prado
Bellavista Isla Del Sol,Agregar sitio web,"Isla del sol, embalse Central hidroeléctrico HIDROPRADO, Prado",3.8556212,-75.0820422,3.8,94,,Prado
Mansion del Lago,,"Represa de Prado, Prado, Purificación, Tolima",3.8556212,-75.0820422,3.8,94,,Prado
Parador restaurante cocobongo,Restaurante,"a 12-102, Cra. 5 #12-24, Prado, Tolima",3.7528642,-74.9665702,4.2,70,Cerrado ⋅ Abre a las 10 a.m. del jue,Prado
Finca El Manial Prado,Restaurante,"Purificacion-Prado, Prado, Tolima",3.782263,-74.9568186,4.2,70,Cerrado ⋅ Abre a las 12 p.m. del vie,Prado
Restaurante El Trapiche,Restaurante,"Prado, Tolima",3.7302048,-74.9137779,4.2,70,Abierto las 24 horas,Prado
Restaurante LA TALANQUERA,Restaurante,"A Hidroprado, Prado, Tolima",3.7501743,-74.954323,4.2,70,Cierra pronto ⋅ 9 p.m. ⋅ Abre a las 8 a.m. del jue,Prado
Parque Principal De Prado,Parque,"Cra. 6 #1075, Prado, Tolima",3.7507367,-74.9678726,4.3,818,,Prado
IMA PRADO ECO PARK,Parque temático,"Via, Represa De Prado, Prado, Tolima",3.7507367,-74.9678726,4.3,818,,Prado
Cascada Del Amor,Jardín,"Prado, Tolima",3.7122008,-74.909811,4.3,818,,Prado
Hidroprado,Parque infantil,"Represa De Prado, Prado, Tolima",3.7515286,-74.9653902,4.3,818,Abierto las 24 horas,Prado
